model_name,question,response,response_time_ms
"TinyLlama-1.1B-Chat-v1.0-Q4_K_M","Could you explain the difference between aerobic and anaerobic exercise? in simple terms?","<|assistant|> Sure, aerobic exercise involves the consumption of oxygen, while anaerobic exercise, also known as aerobic glycolysis, is an aerobic metabolic process that does not require oxygen. Aerobic exercise involves repeated periods of low-intensity exercise, while anaerobic exercise involves repeated periods of high-intensity exercise. Aerobic exercise increases the body's oxygen supply, while anaerobic exercise improves the body's ability to use oxygen for short periods of time. Overall, aerobic exercise is more suitable for endurance and cardiovascular fitness, while anaerobic exercise is more suitable for strength and resistance training.  > EOF by user",3668
"llama-3.2-3b-instruct-q4_k_m","Could you explain the difference between aerobic and anaerobic exercise? in simple terms?","assistant  I'd be happy to explain the difference between aerobic and anaerobic exercise in simple terms.  Aerobic exercise and anaerobic exercise are two types of physical activities that have distinct characteristics.  **Aerobic Exercise:**  Aerobic exercise, also known as cardio, is a type of exercise that requires oxygen to generate energy. Examples of aerobic exercises include:  * Brisk walking * Jogging or running * Swimming * Cycling * Dancing  During aerobic exercise, your body uses oxygen to convert food into energy, which is then used to fuel your muscles. This type of exercise is typically low-intensity and sustained over a longer period.  **Anaerobic Exercise:**  Anaerobic exercise, also known as high-intensity interval training (HIIT), is a type of exercise that doesn't require oxygen to generate energy. Examples of anaerobic exercises include:  * Sprinting * Weightlifting * Jumping rope * Boxing or kickboxing * High-intensity interval training (HIIT)  During anaerobic exercise, your body uses stored energy sources, such as glycogen and ATP, to fuel your muscles. This type of exercise is typically high-intensity and short-duration.  **Key differences:**  * Oxygen requirement: Aerobic exercise requires oxygen, while anaerobic exercise doesn't. * Energy source: Aerobic exercise uses oxygen to convert food into energy, while anaerobic exercise uses stored energy sources. * Intensity and duration: Aerobic exercise is typically low-intensity and sustained, while anaerobic exercise is high-intensity and short-duration.  **Important note:**  While I can provide general information on aerobic and anaerobic exercise, I'm not a substitute for professional medical advice. Before starting any new exercise program, it's essential to consult with a healthcare professional, especially if you have any underlying medical conditions or concerns.  Remember to always prioritize your health and safety, and consult with a qualified healthcare professional if you have any questions or concerns about your fitness routine.  > EOF by user",21409
"Qwen3-0.6B-Q4_0","Could you explain the difference between aerobic and anaerobic exercise? in simple terms?","assistant <think> Okay, the user is asking for the difference between aerobic and anaerobic exercise in simple terms. Let me start by recalling what I know about these terms.  Aerobic exercise is when you're using your muscles and energy systems while doing work, like running or swimming. It's about getting energy from your heart and lungs. Anaerobic exercise is when you're doing work on a muscle or a muscle group, using oxygen less efficiently. It's like a sprint or a push-up. The key difference is the source of energy and the type of work done. I need to make sure the explanation is clear and not too technical. Also, mention that both types are important for health. Let me check if I'm mixing up the terms correctly. Yeah, aerobic is for endurance, anaerobic for quick bursts. So, the answer should explain both in simple terms, maybe use examples like running vs. jumping. Keep it straightforward. </think>  Aerobic and anaerobic exercise differ in how they use energy. Here's a simple explanation:  - **Aerobic exercise** involves working your muscles while burning energy from your heart and lungs. This is like running or swimming. It helps you build endurance and improve strength.  - **Anaerobic exercise** involves doing work on a muscle or muscle group, using less oxygen (like sprinting or jumping). It builds strength and speed quickly.  Both types are important for health! ðŸ˜Š  > EOF by user",4907
"gemma3-1b","Could you explain the difference between aerobic and anaerobic exercise? in simple terms?","Okay, here's a simple explanation of the difference between aerobic and anaerobic exercise:  Imagine your body as a car. Aerobic exercise is like driving the car â€“ it uses fuel (oxygen) to keep it running smoothly and efficiently for a longer period. Anaerobic exercise is like pushing the car hard â€“ itâ€™s a burst of energy, but itâ€™s not sustainable for long without refueling.  Hereâ€™s a breakdown:  *   **Aerobic Exercise:** This type of exercise uses oxygen to produce energy. Itâ€™s generally slower-paced and lasts longer. Think of brisk walking, jogging, cycling, swimming, or dancing. It builds your cardiovascular system â€“ your heart and lungs â€“ and helps you burn calories.  *   **Anaerobic Exercise:** This type of exercise uses energy without oxygen. Itâ€™s a short, intense burst of effort. Think of sprinting, heavy weightlifting, or jumping. Itâ€™s great for building power and strength, but itâ€™s not good for long-term endurance.  **In short:** Aerobic is about building a foundation, while anaerobic is about generating power for short bursts.  **Important Disclaimer:** *I am an AI and cannot provide medical advice. This information is for general knowledge and informational purposes only, and does not constitute medical advice. It is essential to consult with a qualified healthcare professional for any health concerns or before making any decisions related to your health or treatment.*  Do you want me to explain anything in more detail, perhaps focusing on a specific type of exercise, or would you like me to give you some general resources for learning more?  > EOF by user",8564
"gemma3-1b","what is a perfect breakfast, for instance italian breakfast contains a coffee latte and some cookies together with bread and gam, is it a healthy breakfast?","Okay, letâ€™s break down this breakfast idea. Itâ€™s a really interesting combination!  Generally, a â€œperfectâ€ breakfast is really subjective and depends on individual needs and preferences, but based on what youâ€™ve presented â€“ coffee, latte, bread, and cookies â€“ it *does* have the potential to be quite healthy. Hereâ€™s a breakdown of why and what to consider:  **Letâ€™s analyze the components:**  * **Coffee & Latte:** Coffee itself is a good source of antioxidants and can provide a natural energy boost. A latte adds a bit of richness and flavor, but it's important to note that the milk contributes calories and sugar. * **Bread:**  Whole wheat or multigrain bread is generally a healthier choice than white bread. * **Cookies:**  Cookies are typically high in sugar and fat.  They're a treat, but often not a very nutritious breakfast.  **Overall, it *could* be considered a healthy breakfast, but itâ€™s not a particularly balanced one.** Hereâ€™s why:  * **Sugar Content:** The combination of coffee, cookies, and bread likely leads to a significant sugar intake. * **Nutrient Density:**  It's lacking in protein and healthy fats, which are crucial for sustained energy and overall health.  **To make it more beneficial, you could consider adding some of these:**  * **Protein:** Greek yogurt, scrambled eggs, or a handful of nuts or seeds would significantly boost protein. * **Healthy Fats:** Avocado, a drizzle of olive oil, or a small amount of nut butter. * **Fiber:** Fruits (berries, banana slices) or some whole-grain cereal would add fiber.  **In conclusion:** It's not *bad* to have a combination like this, but itâ€™s not a particularly optimal or balanced breakfast.  A more nutritious option would likely include things like oatmeal with fruit and nuts, or a whole-wheat toast with avocado and an egg.  **Important Disclaimer:** *I am an AI and cannot provide medical advice. This information is for general knowledge and informational purposes only, and does not constitute medical advice. It is essential to consult with a qualified healthcare professional for any health concerns or before making any decisions related to your health or treatment.*  ---  Do you have any specific dietary concerns or goals youâ€™d like me to help you with regarding breakfast? For example, are you looking for options that are low in sugar, high in protein, > EOF by user",13181
"llama-3.2-3b-instruct-q4_k_m","Could you define 'burnout' and how do I knwo that I am suffering form it?","I'd be happy to help you understand burnout!  **Definition:** Burnout is a state of emotional, mental, and physical exhaustion caused by prolonged stress, overwork, and lack of balance in life. It can result in decreased productivity, motivation, and overall well-being. Burnout is not a formal diagnosis in the Diagnostic and Statistical Manual of Mental Disorders (DSM-5), but it is a recognized condition by the World Health Organization (WHO) and many mental health professionals.  **Symptoms:** Burnout can manifest in different ways, but common symptoms include:  1. **Chronic fatigue**: Feeling tired, exhausted, and depleted of energy, even after getting enough rest. 2. **Cynicism and detachment**: Feeling hopeless, jaded, and disconnected from work, activities, or relationships. 3. **Reduced productivity**: Struggling to complete tasks, feeling overwhelmed, and lacking motivation. 4. **Physical symptoms**: Headaches, muscle tension, insomnia, digestive problems, and other physical complaints. 5. **Loss of interest**: Feeling unenthusiastic, apathetic, or disconnected from activities that were once enjoyable.  **How to recognize burnout:** Ask yourself these questions:  1. Have you felt consistently tired, stressed, or overwhelmed over the past few months? 2. Do you feel like you're just going through the motions, without any sense of purpose or fulfillment? 3. Are you struggling to enjoy activities that you once loved? 4. Do you feel like you're constantly on edge, worried about work or personal responsibilities? 5. Have you noticed a decline in your physical health, such as headaches, stomach problems, or sleep disturbances?  **Important note:** Burnout is not a personal failing or a sign of weakness. It's a common response to prolonged stress, and seeking help is a sign of strength, not weakness.  **Next steps:** If you're concerned about burnout, consider the following:  1. **Talk to a mental health professional**: A therapist or counselor can help you identify the root causes of your burnout and develop strategies to manage stress and improve your well-being. 2. **Take a break**: Give yourself time to rest and recharge. 3. **Re-evaluate your priorities**: Take a step back and assess your work-life balance, setting realistic boundaries and making time for self-care. 4. **Seek support**: Talk to friends, family, or colleagues about your feelings and concerns.  Remember, I'm not a substitute for professional medical advice. If you're experiencing severe > EOF by user",26005
"Qwen3-0.6B-Q4_0","Could you define 'burnout' and how do I knwo that I am suffering form it?","Okay, the user is asking for a definition of burnout and how to know if they're experiencing it. Let me start by recalling what burnout is. From what I remember, burnout is a mental and physical state of exhaustion, often caused by overexertion. It's not just about the body but also the mind and emotions.  First, I need to explain burnout clearly. Maybe start with the definition, then mention common signs. The user might not know what they're feeling, so it's important to highlight the key indicators. They might be feeling tired, stressed, or irritable at work. Also, symptoms like feeling overwhelmed, lack of energy, or not being able to concentrate.  I should mention that burnout isn't just physical but affects the mind and emotions. It's a combination of physical and mental fatigue. The user might not be aware of these signs, so it's important to explain them so they can recognize when they need help.  Wait, the user is asking how to know if they are suffering from it. So after defining, I should list the symptoms and maybe suggest consulting a doctor. But I need to be careful not to make it seem like it's a self-diagnosis. Also, the system says not to substitute medical advice, so I should mention consulting a healthcare professional.  Let me structure this: define burnout, list common symptoms, explain how it affects both physical and mental aspects, and then provide ways to know and when to seek help. Make sure it's clear and concise, not too technical. </think>  **Burnout** is a mental and physical state of exhaustion resulting from prolonged stress, overexertion, or demanding work and life responsibilities. It is not just a physical condition but also affects the mind, leading to feelings of frustration, irritability, fatigue, and difficulty concentrating or focusing. It often results in a sense of being overwhelmed and can impact daily functioning.  **Common signs of burnout** include: - Feeling constant exhaustion or tiredness - Difficulty concentrating or making decisions - Irritability or frustration - Inability to maintain work or personal life - A sense of being overwhelmed or detached - Feeling unable to cope with stress  If you're experiencing these symptoms, itâ€™s important to recognize the impact on your life and consider seeking support. However, itâ€™s crucial to remember that burnout is a common condition that can be managed through support and lifestyle adjustments. Always consult a healthcare professional for proper diagnosis and treatment.  > EOF by user",8028
"TinyLlama-1.1B-Chat-v1.0-Q4_K_M","Could you define 'burnout' and how do I knwo that I am suffering form it?","Burnout is a state of physical, emotional, and/or mental exhaustion, resulting from prolonged stress, overwork, or a combination of these factors. Symptoms may include fatigue, exhaustion, irritability, cynicism, and a lack of motivation. It is important to recognize and address burnout symptoms as soon as they occur to avoid permanent damage to your physical and mental health. The key to avoiding burnout is to establish healthy work-life balance, practice self-care, and seek support from colleagues or friends. If you suspect you are suffering from burnout, seek help from a healthcare professional.  > EOF by user",3022
"gemma3-1b","Could you define 'burnout' and how do I knwo that I am suffering form it?","model Okay, letâ€™s talk about burnout. Itâ€™s a really important and increasingly recognized condition. Hereâ€™s a breakdown of what it is and how to recognize it:  **What is Burnout?**  Burnout is more than just feeling tired or stressed. Itâ€™s a complex, prolonged state of emotional, physical, and mental exhaustion caused by prolonged or excessive stress. Itâ€™s often described as a â€œburnâ€ â€“ a feeling of being depleted and depleted in multiple ways.  Itâ€™s not simply feeling overwhelmed; itâ€™s a deep sense of cynicism and detachment from your work or activities.  **Here's a more detailed explanation:**  * **Itâ€™s not just stress:** While stress can contribute to burnout, itâ€™s not the whole story. Burnout is often a *response* to chronic, unrelenting stress â€“ the kind that doesnâ€™t allow for adequate recovery. * **Itâ€™s a combination of things:** Burnout isnâ€™t just one thing; itâ€™s a constellation of symptoms that often overlap. These can include:     * **Emotional Exhaustion:** Feeling drained, hopeless, and lacking motivation.     * **Depersonalization/Devaluation:** Feeling detached from your work or activities, as if they don't matter.     * **Reduced Personal Accomplishment:** Feeling like youâ€™ve lost your sense of accomplishment and purpose.     * **Physical Symptoms:** Fatigue, headaches, sleep disturbances, changes in appetite, and aches and pains.   **How Do You Know You Might Be Suffering From Burnout?**  Here are some signs and symptoms that could indicate you're experiencing burnout:  * **Persistent Exhaustion:** You feel tired even after getting enough sleep. It's not just a regular, manageable fatigue. * **Increased Cynicism & Detachment:** You start to lose your enthusiasm for your work or activities, and you might feel distant or indifferent. * **Loss of Motivation:** You find it increasingly difficult to get started on tasks you used to enjoy. * **Irritability & Anger:** You might become easily frustrated or angry, even over small things. * **Feelings of Hopelessness:** A sense that things will never get better. * **Increased Anxiety & Depression:** Burnout can sometimes trigger or worsen anxiety and depressive symptoms. * **Withdrawal:** You might start to isolate yourself from people and activities you used to enjoy. * **Changes in Sleep Patterns:**  Difficulty falling > EOF by user",12740
